날짜,단어,의미
day01,provide,"[동] 공급하다, 준비하다"
day01,develop,"[동] 개발하다, 발달하다"
day01,service,"[명] 서비스, 근무, 공공업무"
day01,inform,"[동] 알리다, 통지하다"
day01,relationship,[명] 관계
day01,improve,"[동] 향상시키다, 향상하다"
day01,individual,"[형] 개인의, 개인적인[명] 개인"
day01,require,"[동] 요구하다, 필요로 하다"
day01,advise,"[동] 충고하다, 조언하다"
day01,social,"[형] 사회의, 사교적인"
day01,amount,"[명] 양, 총액, 총계[동] 총계가 ~이 되다"
day01,behave,[동] 행동하다
day01,employ,"[동] 고용하다, 쓰다"
day01,attitude,"[명] 태도, 입장"
day01,research,"[명] 연구하다, 조사하다[명] 연구"
day01,audience,"[명] 관객, 청중"
day01,volunteer,"[명] 지원자, 자원봉사[동] 지원하다"
day01,influence,"[명] 영향, 영향을 미치는 것[동] 영향을 끼치다"
day01,terrible,"[형] 끔직한, 무서운"
day01,opportunity,[명] 기회
day01,ability,[명] 능력
day01,expense,"[명] 비용, 지출"
day01,local,"[형] 지역의, 지방의, 장소의"
day01,involve,"[동] 관련되다, 포함하다, 말려들게 하다"
day01,stress,"[명] 스트레스, 강조[동] 강조하다, 압력을 주다"
day01,therefore,"[부] 그러므로, 그 결과"
day01,positive,"[형] 긍정적인, 확신하는"
day01,average,[형] 평균의[명] 평균[동] 평균 ~이다
day01,ride,"[동] 타다[명] 타기, 타고가기"
day01,encourage,"[동] 격려하다, 촉구하다"
day01,determine,"[동] 결정하다, 결심하다"
day01,international,"[형] 국제의, 국제적인"
day01,consume,"[동] 소비하다, 먹다"
day01,impress,"[동] 감동시키다, 깊은 인상을 주다"
day01,object,"[명] 물건, 목표[동] 반대하다"
day01,available,"[형] 이용할 가능한, 쓸모있는"
day01,contain,"[동] 함유하다, 포함하다, 억제하다"
day01,recognize,"[동] 인지하다, 인정하다"
day01,material,"[명] 재료, 물질[형] 물질의"
day01,comfort,"[명] 편안, 위로[동] 편안하게 하다, 위로하다"
day02,emotion,[명] 감정
day02,amaze,[동] 놀라게 하다
day02,reduce,[동] 줄이다
day02,discover,[동] 발견하다
day02,decide,[동] 결정하다
day02,benefit,[명] 이익[동] 이익이 되다
day02,affect,[동] 영향을 미치다
day02,level,"[명] 수준, 정도"
day02,chemistry,[명] 화학
day02,immediate,"[형] 직접의, 즉각적인"
day02,thus,"[부] 그러므로, 따라서"
day02,proper,[형] 적절한
day02,performance,"[명] 공연, 성과"
day02,essence,[명] 본질
day02,economic,[형] 경제의
day02,cell,[명] 세포
day02,focus,[동] 집중하다[명] 초점
day02,issue,"[명] 논란거리, 발행, 발행물"
day02,participate,[동] 참여하다
day02,demand,"[명] 요구, 수요[동] 요구하다"
day02,occur,"[동] 일어나다, 발생하다"
day02,complex,[형] 복잡한[명] 복합체
day02,define,"[동] 정의하다, 규정하다"
day02,proud,[형] 자랑스러워하는
day02,aware,[형] 인지하는
day02,contact,[동] 접촉하다[명] 접촉
day02,profession,[명] 직업
day02,detail,[명] 세부
day02,approach,[동] 접근하다[명] 접근
day02,career,"[명] 직업, 경력"
day02,package,[명] 꾸러미
day02,disappear,[동] 사라지다
day02,novel,[명] 소설
day02,secure,"[형] 안전한, 안정된"
day02,despite,[전] ~에도 불구하고
day02,background,"[명] (그림, 사람, 사건)배경"
day02,solution,[명] 해결책
day02,generate,[동] 일으키다
day02,eventually,[부] 결국
day02,fashion,"[명] 유행, 패션"
day03,decrease,"[동] 줄다, 줄이다[명] 감소"
day03,recycle,[동] 재활용하다
day03,desire,"[명] 욕구, 욕망[동] 바라다"
day03,balance,"[명] 균형, 은행 장고[동] 균형을 이루다"
day03,negative,[형] 부정적인
day03,follow,"[동] 따라가다, 따르다"
day03,publish,"[동] 발표하다, 출판하다"
day03,occasion,"[명] 경우, 특별한 일"
day03,replace,[동] 대체하다
day03,constant,"[형] 일정한, 불변의[명] 상수"
day03,expert,[명] 전문가
day03,term,"[명] 기간, 용어, 학기"
day03,relieve,"[동] 경감시키다, 안도시키다"
day03,describe,"[동] 묘사하다, 표현하다"
day03,biology,[명] 생물학
day03,due,"[형] 만기의, ~하기로 되어 있는"
day03,equipment,"[명] 장치, 장비"
day03,congratulate,[동] 축하하다
day03,birth,[명] 탄생
day03,compose,"[동] 구성하다, 작곡하다, 작문하다"
day03,genius,"[명] 천재, 천재성"
day03,reflect,"[동] 반영하다, 반사하다, 숙고하다"
day03,cause,"[명] 원인[동] ~의 원인이 되다, 야기하다"
day03,frequent,[형] 빈번한[동] 자주 가다
day03,factor,"[명] 요소, 원인"
day03,extreme,"[형] 극도의, 극단"
day03,tend,"[동] ~하는 경향이 있다, 돌보다"
day03,politics,"[명] 정치, 정치학"
day03,insist,"[동] 주장하다, 고집하다"
day03,extend,"[동] 연장하다, 넓히다"
day03,lonely,[형] 외로운
day03,habitat,"[명] 서식지, 거주지"
day03,mental,[형] 정신의
day03,steady,"[형] 안정된, 한결같은, 꾸준한"
day03,exchange,[동] 교환하다
day03,active,"[형] 적극적인, 활동적인"
day03,species,[명] (분류상의) 종
day03,athletic,"[형] 운동의, 운동경기의"
day03,dental,[형] 치아의
day03,account,"[명] 은행 계좌, 이야기, 설명[동] 설명하다"
day04,delight,[명] 기쁨[동] 기쁘게 하다
day04,confident,[형] 자신 있는
day04,gradually,"[부] 서서히, 점차"
day04,shadow,"[명] 그림자, 그늘지게 하다"
day04,access,"[명] 접근, 이용[동] 접근하다"
day04,announce,"[동] 발표하다, 알리다"
day04,allow,"[동] 허락하다, 인정하다"
day04,firm,"[형] 단단한, 확고한[명] 회사"
day04,vary,"[동] 바꾸다, 변하다, 다르다"
day04,injure,"[동] 상처를 입히다, 손상시키다"
day04,permit,[동] 허용하다
day04,response,"[명] 응답, 반응"
day04,threat,"[동] 위협, 위험"
day04,electricity,[명] 전기
day04,disabled,"[형] 장애를 가진, 무능력하게 된"
day04,lack,[명] 부족[동] ~이 부족하다
day04,signify,"[동] 의미하다, 중요하다"
day04,concentrate,[동] 집중하다
day04,emphasize,[동] 강조하다
day04,astronomy,[명] 천문학
day04,flood,[명] 홍수[동] 범람시키다
day04,fuel,[명] 연료[동] 연료를 가하다
day04,manufacture,"[동] 제조하다[명] 제조, 제품"
day04,movement,"[명] 움직임, 운동"
day04,capable,"[형] ~을 할 수 있는, 유능한"
day04,combine,"[동] 결합시키다, 겸비하다"
day04,gene,[명] 유전자
day04,increase,"[동] 증가하다[명] 증가, 이자"
day04,victim,"[명] 희생, 희생자"
day04,pressure,"[명] 압력, 압박[동] 압력을 가하다"
day04,accompany,"[동] 동반하다, 수반하다"
day04,frustrate,[동] 좌절시키다
day04,construct,[동] 건설하다
day04,dwindle,"[동] 점점 줄어들다, 저하되다"
day04,commerce,"[명] 상업, 교역"
day04,entertain,[동] 즐겁게 하다
day04,predict,"[동] 예언하다, 예측하다"
day04,apologize,[동] 사과하다
day04,sight,"[명] 시야, 광경, 시력"
day04,quantity,[명] 양
day05,conclude,"[동] 결론을 짓다, 끝내다"
day05,donate,[동] 기부하다
day05,personality,"[명] 개성, 성격, 특색"
day05,struggle,"[동] 싸우다, 노력하다[명] 투쟁, 노력"
day05,advantage,"[명] 유리한 점, 이익"
day05,variety,"[명] 다양, 다양성"
day05,enable,[동] 가능하게 하다
day05,instruction,"[명] 지시, 제품 사용 설명서, 가르침"
day05,assume,"[동] 추정하다, 취하다"
day05,attempt,[동] 시도하다[명] 시도
day05,incredible,"[형] 믿을 수 없는, 굉장한"
day05,feature,"[명] 특징, 특집기사, 얼굴 생김새[동] ~을 특징으로 하다, 주연하다"
day05,confuse,"[동] 혼란시키다, 혼동하다"
day05,electronic,[형] 전자의
day05,absorb,"[동] 흡수하다, 열중시키다"
day05,indicate,"[동] 나타내다, 가리키다"
day05,analyze,[동] 분석하다
day05,stock,"[명] 재고품, 저장, 가축[동] 저장하다, 들여놓다"
day05,resident,[명] 거주자
day05,labor,"[명] 노동, 산고[동] 노동하다"
day05,remark,"[명] 의견, 주목[동] 의견을 말하다, ~에 주목하다"
day05,moral,[형] 도덕적인
day05,embarrassed,[형] 당황한
day05,claim,"[동] 주장하다[명] 주장, 요구"
day05,reasonable,"[형] 논리적인, 분별력이 있는"
day05,interrupt,"[동] 방해하다, 중단하다"
day05,discount,[명] 할인[동] 할인하다
day05,creature,"[명] 생물, 피조물"
day05,heal,"[동] 치료하다, 낫게하다"
day05,establish,"[동] 설립하다, 확립하다, 제정하다"
day05,revolution,"[명] 혁명, 갑작스런 변화, 회전"
day05,criticize,[동] 비난하다
day05,convince,"[동] 확신시키다, 납득시키다"
day05,efficient,"[형] 효율적인, 유능한"
day05,stranger,"[명] 낯선 사람, 문외한"
day05,tide,"[명] 조수, 흐름"
day05,obtain,"[동] 획득하다, 통용되다, 행해지다"
day05,assist,[동] 도움을 주다
day05,disaster,"[명] 재앙, 재해, 재난"
day05,terrific,"[형] 굉장한, 훌륭한"
day06,specific,"[형] 구체적인, 특정한"
day06,react,"[동] 반응하다, 반작용하다"
day06,independent,[형] 독립적인
day06,theory,[명] 이론
day06,qualify,[동] 자격을 얻다
day06,consider,"[동] 숙고하다, 고려하다"
day06,recall,"[동] 상기하다, 철회하다, 회수하다[명] 상기, 철회, 회수"
day06,risk,[명] 위험[동] 위험을 감수하다
day06,treatment,"[명] 치료, 대우, 취급"
day06,engage,[동] 관여하
day06,motivate,[동] 동기를 부여하다
day06,clue,[명] 단서
day06,cancer,[명] 암
day06,elder,[형] 연세가 드신
day06,depress,[동] 우울하게 하다
day06,fascinate,"[동] 마음을 사로잡다, 매혹하다,"
day06,violent,"[형] 폭력적인, 격렬한"
day06,alarm,"[명] 경보, 자명종"
day06,edge,"[명] 가장자리, (칼)날[동] 조금씩 움직이다"
day06,deserve,[동] ~할 가치가 있다
day06,route,"[명] 경로, 노선"
day06,psychology,"[명] 심리, 심리학"
day06,passion,[명] 열정
day06,import,[동] 수입하다[명] 수입품
day06,purchase,[동] 구매하다
day06,conscience,[명] 양심
day06,pose,[동] 자세를 취하다[명] 자세
day06,length,"[명] 길이, 기간"
day06,severe,"[형] 심각한, 가혹한[명] 반대, 후진"
day06,decade,[명] 10년
day06,occupy,"[동] (시간, 공간을) 차지하다"
day06,acquire,"[동] 얻다, 습득하다"
day06,interact,"[동] 소통하다, 상호작용하다"
day06,brief,"[형] 간결한, 짧은"
day06,observe,"[동] 관찰하다, 준수하다"
day06,poetry,[명] 시
day06,salary,[명] 급여
day06,grain,[명] 곡물
day06,meaningful,[형] 의미있는
day06,weed,[명] 잡초[동] 잡초를 뽑다
day07,survival,[명] 생존
day07,comment,"[명] 논평, 주석[동] 논평하다"
day07,leap,"[동] 뛰다, 도약하다[명] 도약"
day07,survey,"[동] 조사하다, 둘러보다[명] 설문 조사"
day07,typical,"[형] 전형적인, 대표적인"
day07,mere,[형] 단지 ~에 불과한
day07,mechanic,[명] 기계공
day07,mood,"[명] 분위기, 기분"
day07,approve,"[동] 승인하다, 찬성하다"
day07,rural,[형] 시골의
day07,finance,"[명] 재정, 재무, 금융[동] 자금을 조달하다"
day07,seek,"[동] 찾다, 추구하다, 노력하다"
day07,operation,"[명] 작업, 수술, 운영"
day07,crime,[명] 범죄
day07,awful,"[형] 끔찍한, 지독한"
day07,series,"[명] 연속, 시리즈물"
day07,exhausted,"[형] 기진맥진한, 고갈된"
day07,absolute,"[형] 절대적인, 완전한"
day07,surround,[동] 둘러싸다
day07,display,"[동] 나타내다, 전시하다[명] 전시"
day07,policy,"[명] 정책, 수단, 방법"
day07,mass,"[명] 덩어리, 많은 양, 집단, 대중"
day07,committee,[명] 위원회
day07,accurate,[형] 정확한
day07,arrange,"[동] 정리하다, 준비하다, 각색하다"
day07,facility,"[명] 시설, 편의, 재능"
day07,consult,"[동] 상담하다, 참고하다"
day07,refer,"[동] 언급하다, 위탁하다"
day07,attach,"[동] 붙이다, 첨부하다, 소속시키가"
day07,recover,"[동] 회복하다, 되찾다"
day07,reward,[명] 보상[동] 보답하다
day07,enormous,"[형] 거대한, 엄청난"
day07,domestic,"[형] 국내의, 가정의"
day07,wealth,"[명] 부, 재산"
day07,elementary,"[형] 초보의, 기초적인"
day07,gap,"[명] 격차, 틈"
day07,except,[전] ~을 제외하고는[동] 제외하다
day07,journey,[명] 여행
day07,plain,"[형] 평범한, 명백한"
day07,downtown,[명] 도심지[형] 도심의[부] 도심지에
day08,previous,"[형] 이전의, 앞의"
day08,produce,"[동] 생산하다, 제조하다"
day08,remain,"[동] 남다, 여전히 ~이다"
day08,break,"[동] 깨다, 고장내다"
day08,slight,"[형] 약간의, 경미한"
day08,include,[동] 포함하다
day08,delay,"[동] 연기하다, 미루다[명] 지연"
day08,file,"[명] 파일, 서류철[동] 파일에 철하다, (소송 등을) 제기하다"
day08,ethic,[명] 윤리
day08,reveal,"[동] 폭로하다, 드러내다"
day08,breed,"[동] 낳다, 양육하다"
day08,leisure,"[명] 여가, 자유 시간[형] 한가한"
day08,urban,[형] 도시의
day08,witness,"[명] 목격자, 증인[동] 목격하다"
day08,admit,"[동] 인정하다, 입장을 허락하다"
day08,muscle,"[명] 근육, 힘, 강제"
day08,device,"[명] 장치, 고안, 방책"
day08,suppose,"[동] 추측하다, 가정하다"
day08,intend,"[동] ~할 작정이다, 의도하다"
day08,aspect,"[명] 관점, 양상, 면"
day08,potential,[형] 잠재적인[명] 잠재력
day08,award,[명] 상[동] (상 등을) 수여하다
day08,preserve,"[동] 보존하다, 보호하다"
day08,spot,"[명] 지점, 얼룩[동] 발견하다, 얼룩지게 하다"
day08,underground,"[형] 지하의, 비밀의[명] 지하"
day08,consequence,"[명] 결과, 중요성"
day08,target,"[명] 목표, 표적[동] 목표로 삼다"
day08,unless,"[접] ~이 아닌 한, 만약 ~이 아니면"
day08,accomplish,"[동] 이루다, 성취하다"
day08,adopt,"[동] 입양하다, 채택하다"
day08,unique,"[형] 독특한, 유일한"
day08,slip,"[동] 미끄러지다, 실수하다[명] 종이조각"
day08,civilization,[명] 문명
day08,row,"[명] 열, 줄[동] 배를 젓다"
day08,horizon,"[명] 지평선, 수평선"
day08,atmosphere,"[명] 대기, 분위기"
day08,label,"[명] 꼬리표, 상표[동] 라벨을 붙이다, ~을 ~라고 부르다"
day08,decorate,"[동] 장식하다, ~에게 훈장을 주다"
day08,instant,"[형] 즉각의, 즉석의[명] 순간"
day08,owe,"[동] 빚지고 있다, ~에 돌리다"
day09,identify,"[동] ~임을 확인하다, 동일시하다, 식별하다"
day09,standard,"[명] 표준, 기준[형] 기준의, 표준의"
day09,scale,"[명] 규모, 저울, 비늘"
day09,evident,[형] 명백한
day09,seldom,[부] 거의 ~않는
day09,secretary,"[명] 비서, 서기관, 장관"
day09,basis,"[명] 기초, 원리"
day09,automatic,"[형] 자동적인, 기계적인"
day09,addict,[동] 중독시키다[명] 중독자
day09,disappoint,[동] 실망시키다
day09,artificial,"[형] 인공적인, 인조의"
day09,possess,"[동] 소유하다, ~의 마음을 사로잡다"
day09,substance,"[명] 물질, 본질, 실체"
day09,realistic,"[형] 현실적인, 현실주의의"
day09,encounter,[동] (우연히) 마주치다[명] 마주침
day09,differ,"[동] 다르다, 의견을 달리하다"
day09,principle,"[명] 원칙, 원리"
day09,memorize,[동] 기억하다
day09,physics,[명] 물리학
day09,evaluate,[동] 평가하다
day09,tremendous,"[형] 굉장한, 무시무시한"
day09,application,"[명] 적용, 신청"
day09,vote,[명] 투표[동] 투표하다
day09,spread,"[동] 펼치다, 퍼지다[명] 퍼짐, 확산"
day09,impact,"[명] 충격, 영향[동] 충격을 주다"
day09,cooperate,[동] 협력하다
day09,emit,[동] 방출하다
day09,request,[명] 요청[동] 요청하다
day09,guarantee,[동] 보증하다[명] 보증
day09,resist,[동] 저항하다
day09,fulfill,"[동] 달성하다, 이행하다, 실현하다"
day09,stink,"[동] 악취를 풍기다, 역겹다[명] 악취"
day09,grant,"[동] 수여하다, 승인하다"
day09,rely,"[동] 의지하다, 믿다"
day09,permanent,"[형] 영구적인, 영원한"
day09,emergency,[명] 비상 사태
day09,rid,[동] 제거하다
day09,theme,"[명] 주제, 화제, 논제"
day09,region,[명] 지역
day09,rise,"[동] 일어나다, 오르다[명] 상승"
day10,hesitate,"[동] 망설이다, 주저하다"
day10,location,"[명] 위치, 장소"
day10,restrict,"[동] 제한하다, 한정하다"
day10,organism,"[명] 생물, 유기체, 생명체"
day10,resolve,"[동] 해결하다, 결심하다, 분해하다"
day10,offer,"[동] 제공하다, 제안하다"
day10,distribute,"[동] 분배하다, 분포시키다"
day10,rainforest,[명] (열대)우림
day10,circumstance,"[명] 상황, 환경"
day10,interpret,"[동] 해석하다, 통역하다"
day10,suitable,"[형] 적합한, 적절한"
day10,curve,"[명] 곡선, 속임수"
day10,annoy,"[동] 괴롭히다, 귀찮게 하다"
day10,frighten,[동] 겁먹게 하다
day10,estimate,"[동] 평가하다[명] 견적, 평가"
day10,refuse,[동] 거절하다
day10,adventure,[명] 모험[동] 위험이 빠뜨리다
day10,entrance,"[명] 입구, 입장, 입학"
day10,persuade,[동] 설득하다
day10,perceive,"[동] 인지하다, 인식하다"
day10,recite,[동] 암송하다
day10,gather,[동] 모으다
day10,cabin,"[명] 객실, 선실, 오두막집"
day10,gear,"[명] 장비, 기어[동] 맞게 조정하다"
day10,ray,[명] 광선
day10,release,"[동] 놓아주다, 방출하다, 발표하다[명] 석방, 발표"
day10,rank,"[명] 지위, 등급[동] (순위를) 매기다, 차지하다"
day10,symphony,"[명] 교향곡, 조화"
day10,envy,[동] 부러워하다[명] 부러움
day10,corporate,"[형] 회사의, 법인의"
day10,alternative,[명] 대안[형] 대안의
day10,retire,[동] 은퇴하다
day10,appeal,"[동] 호소하다, 항의하다, 관심을 끌다[명] 호소, 항의, 매력"
day10,identical,"[형] 동일한, 일란성의"
day10,investment,[명] 투자
day10,autograph,[명] 서명[동] 서명하다
day10,slave,[명] 노예
day10,harm,"[명] 손해, 손상[동] 해치다"
day10,authority,"[명] 권위, 당국"
day10,innocence,"[명] 결백, 무죄, 순진"
day11,receive,[동] 받다
day11,infant,"[명] 유아[형] 유아의, 미발달의"
day11,calculate,[동] 계산하다
day11,charity,"[명] 자선 단체, 자비, 구호물자"
day11,accept,"[동] 받아들이다, 인정하다"
day11,depend,[동] 의지하다
day11,whereas,[접] ~인 반면에
day11,broad,"[형] 넓은, 광범위한, 가득한"
day11,treat,"[동] 대우하다, 치료하다, 처리하다, 여기다"
day11,ignorant,"[형] 모르는, 무식한"
day11,pure,[형] 순수한
day11,extinct,"[형] 멸종된, 꺼진"
day11,household,[명] 가정[형] 가정의
day11,refund,"[동] 환불하다[명] 환불, 반환"
day11,continue,[동] 계속하다
day11,institute,"[명] 연구소, 협회[동] 설립하다, 제정하다"
day11,lately,[부] 최근에
day11,ashamed,[형] 부끄러워하는
day11,dense,"[형] 밀집한, 조밀한"
day11,rescue,[동] 구조하다[명] 구조
day11,destination,[명] 목적지
day11,expand,[동] 확장하다
day11,compete,[동] 경쟁하다
day11,evolution,[명] 진화
day11,hire,[동] 고용하다
day11,genuine,"[형] 진짜의, 성실한"
day11,status,"[명] 지위, 상태, 현상"
day11,military,[형] 군대의[명] 군대
day11,logic,"[명] 논리, 논리학"
day11,gravity,[명] 중력
day11,isolate,[동] 고립시키다
day11,commit,"[동] (죄 등을) 저지르다, 전념하다, 맡기다"
day11,sum,"[명] 총합, 합계"
day11,conserve,[동] 보존하다
day11,concept,[명] 개념
day11,swing,"[동] 흔들다, 진동하다[명] 그네"
day11,sensible,"[형] 분별 있는, 현명한"
day11,marriage,"[명] 결혼, 혼인"
day11,reproduce,"[동] 번식하다, 재생하다, 복제하다"
day11,tone,"[명] 음, 어조, 말투, 색조"
day12,cancel,[동] 취소하다
day12,return,"[동] 돌아가다, 돌려주다[명] 귀환, 반납, 수익"
day12,invitation,"[명] 초대, 초대장"
day12,precise,[형] 정확한
day12,formal,"[형] 공식적인, 정식의"
day12,apparent,"[형] 명백한, 분명한"
day12,departure,[명] 출발
day12,visual,[형] 시각의
day12,current,"[형] 현재의[명] 해류, 흐름"
day12,agriculture,[명] 농업
day12,leak,"[동] 새다, 누설하다[명] 새는 구멍"
day12,portion,"[명] 부분, 일부[동] 분할하다"
day12,trend,"[명] 경향, 추세"
day12,particle,"[명] 극소량, 입자"
day12,rite,"[명] 의식, 의례"
day12,distinct,"[형] 뚜렷한, 별개의"
day12,component,[명] 구성 요소[형] 구성하는
day12,poverty,"[명] 가난, 빈곤"
day12,sculpture,[명] 조각[동] 조각하다
day12,descend,"[동] 내려오다, 물려주다"
day12,universal,"[형] 보편적인, 우주의"
day12,surface,"[명] 표면, 수면, 지면"
day12,eager,[형] 갈망하는
day12,legal,"[형] 법률의, 합법의"
day12,annual,"[형] 연간의, 1년의, 1년간의"
day12,trap,"[명] 함정[동] 덫을 놓다, 막다"
day12,demonstrate,"[동] 논증하다, 시위하다, 설명하다, 보여주다"
day12,companion,"[명] 동반자, 동료"
day12,democracy,"[명] 민주주의, 민주주의 국가"
day12,mature,"[형] 성숙한, 익은, 지불 만기의[동] 성숙해지다"
day12,brilliant,"[형] 명석한, 훌륭한"
day12,faith,"[명] 믿음, 신념"
day12,aim,[동] 겨냥하다[명] 조준
day12,spare,"[동] 용서하다, 남겨주다[형] 여분의, 검소한"
day12,transfer,"[동] 이동하다, 옮기다, 갈아타다"
day12,oppose,[동] 반대하다
day12,desperate,"[형] 절망적인, 필사적인"
day12,remote,"[형] 멀리 떨어진, 희박한, 드문"
day12,offend,"[동] 기분을 상하게 하다, 저지르다"
day12,awake,"[형] 깨어있는[동] 깨우다, 깨다"
day13,option,"[명] 선택, 선택권"
day13,insight,"[명] 통찰력, 통찰"
day13,achieve,"[동] 달성하다, 얻다"
day13,civil,"[형] 시민의, 민간의"
day13,pause,"[동] 잠시 멈추다, 중단하다[명] 중단"
day13,prove,"[동] 입증하다, 판명되다"
day13,lecture,[명] 강의[동] 강의를 하다
day13,minor,"[형] 사소한, 소수의[명] 미성년자, 부전공[동] 부전공하다"
day13,duty,"[명] 의무, 관세"
day13,vigor,[명] 활력
day13,organize,"[동] 조직하다, 구성하다, 정리하다"
day13,chief,"[명] 우두머리[형] 우두머리의, 주요한"
day13,complicated,[형] 복잡한
day13,digest,"[동] 소화하다, 이해하다[명] 요약"
day13,shortage,"[명] 부족, 결함"
day13,laboratory,[명] 실험실[형] 실험실의
day13,arrive,[동] 도착하다
day13,generous,"[형] 관대한, 넉넉한"
day13,laundry,[명] 세탁물
day13,transform,"[동] 변형시키다, 변환하다"
day13,discipline,"[명] 규율, 훈련, 징계[동] 훈련하다, 징계하다"
day13,forbid,[동] 금지하다
day13,ultimate,"[형] 궁극적인, 최후의"
day13,thrive,"[동] 번영하다, 발전하다, 잘되다"
day13,conversation,"[명] 대화, 회담, 좌담"
day13,bet,"[동] 돈을 걸다, 내기를 하다, 틀림없다[명] 내기"
day13,royal,"[형] 왕의, 왕족의"
day13,ruin,"[동] 망치다, 파멸시키다[명] 파멸, 파산"
day13,worship,"[동] 숭배하다, 예배하다[명] 숭배, 예배"
day13,evil,[형] 사악한[명] 악
day13,scarce,"[형] 부족한, 드문"
day13,afterward,"[부] 나중에, 그 후에"
day13,client,"[명] 의뢰인, 고객"
day13,insure,"[동] 보험에 계약하다, 안전하게 하다"
day13,fancy,"[명] 공상, 기호[동] 공상하다[형] 화려한"
day13,surgery,[명] 외과 수술
day13,assign,"[동] 할당하다, 지정하다"
day13,regulate,"[동] 규제하다, 조절하다"
day13,shelf,[명] 선반
day13,utility,"[명] 공익사업, 유용성"
day14,necessity,"[명] 필수, 필수품, 필요"
day14,yield,"[동] 생산하다, 양도하다, 굴복하다[명] 수확"
day14,decline,"[동] 감소하다, 쇠퇴하다, 거절하다[명] 감소, 쇠퇴"
day14,coincidence,"[명] (우연의) 일치, 동시에 일어난 사건"
day14,aside,"[부] 한쪽으로, 제쳐두고"
day14,contemporary,"[형] 현대의, 동시대의"
day14,bless,"[동] 축복하다, 감사하다"
day14,explain,[동] 설명하다
day14,prior,"[형] 이전의, 우선하는"
day14,tolerate,"[동] 참다, 용인하다"
day14,measure,"[동] 측정하다[명] 측정, 수단"
day14,abstract,"[형] 추상적인[명] 개요, 추상"
day14,cottage,[명] 오두막집
day14,correct,"[형] 올바른, 정확한[동] 바로잡다, 정정하다"
day14,confirm,"[동] 확인하다, 굳게하다"
day14,imitate,[동] 모방하다
day14,prey,"[명] 먹이, 희생자"
day14,defeat,[동] 패배시키다[명] 패배
day14,illustrate,"[동] (책에) 삽화를 넣다, 설명하다, 예증하다"
day14,fuse,"[명] 퓨즈, 도화선[동] 융합하다"
day14,pupil,"[명] 학생, 눈동자"
day14,intellect,[명] 지성
day14,spice,"[명] 양념, 향신료"
day14,tempt,"[동] 유혹하다, 관심을 끌다"
day14,inspire,"[동] 영감을 주다, 고무시키다, 격려하다"
day14,dine,"[동] 식사를 하다, 만찬을 대접하다"
day14,literally,[부] 문자 그대로
day14,appropriate,[형] 적절한
day14,resort,"[동] 의지하다, 자주 가다[명] 휴양지, 의지"
day14,grab,[동] 움켜쥐다[명] 움켜쥠
day14,propose,"[동] 제안하다, 청혼하다"
day14,wreck,"[명] 난파선, 사고[동] 난파시키다"
day14,document,"[명] 서류, 문서[동] 기록하다"
day14,suspect,[동] 의심하다[명] 용의자
day14,alien,"[형] 외국의, 이질적인[명] 외국인, 외계인"
day14,prohibit,[동] 금지하다
day14,install,[동] 설치하다
day14,triumph,[명] 승리[동] 승리하다
day14,scholarship,"[명] 장학금, 학문"
day14,execute,"[동] 실행하다, 처형하다"
day15,ensure,"[동] 확실하게 하다, 보증하다"
day15,receipt,[명] 영수증
day15,defect,[명] 결점[동] 버리다
day15,trait,"[명] 특징, 특성"
day15,modest,"[형] 겸손한, 알맞은"
day15,virtual,"[형] 사실상의, 가상의"
day15,compare,[동] 비교하다
day15,address,[명] 연설[동] 연설하다
day15,inner,[형] 내부의
day15,contrary,"[형] 반대의, 불리한[명] 반대의 것"
day15,split,"[동] 찢다, 쪼개다[명] 틈, 분열"
day15,supervise,"[동] 감독하다, 관리하다, 통제하다"
day15,inhabit,"[동] 살다, 거주하다"
day15,appear,[동] 나타나다
day15,commute,[동] 통근하다[명] 통근
day15,earthquake,"[명] 지진, 대변동"
day15,enroll,"[동] 등록하다, 입학하다"
day15,debate,[동] 토론하다[명] 토론
day15,abandon,"[동] 버리다, 포기하다"
day15,conquer,"[동] 정복하다, 극복하다"
day15,nevertheless,[부] 그럼에도 불구하고
day15,seal,"[동] 봉인하다[명] 봉인, 도장, 바다표범"
day15,greed,[명] 탐욕
day15,contract,"[명] 계약서[동] 계약하다, 수축하다"
day15,nutrition,[명] 영양
day15,retail,[명] 소매[동] 소매하다
day15,prejudice,"[명] 편견, 선입관"
day15,register,"[동] 등록하다, 기재하다[명] 등록"
day15,agency,[명] 대리점
day15,nurture,"[동] 양육하다, 교육하다[명] 교육, 양육"
day15,priest,[명] 성직자
day15,elegant,"[형] 우아한, 고상한"
day15,impose,"[동] 부과하다, 강요하다"
day15,arise,"[동] 발생하다, 생겨나다"
day15,modify,"[동] 수정하다, 변형하다"
day15,masterpiece,"[명] 대작, 명작"
day15,harsh,"[형] 가혹한, 거친"
day15,drought,[명] 가뭄
day15,criteria,"[형] 기준, 표준"
day15,extraordinary,"[형] 비범한, 놀라운"
day16,general,[형] 일반적인[명] 대장
day16,spill,"[동] 흘리다, 엎지르다[명] 엎질러짐, 유출"
day16,usual,"[형] 보통의, 통상의"
day16,routine,"[명] 일상적인 일, 일과[형] 일상적인"
day16,eliminate,"[동] 제거하다, 삭제하다"
day16,deny,"[동] 부인하다, 거절하다"
day16,scream,"[동] 비명 지르다, 소리치다, 절규하다[명] 비명, 절규"
day16,sensitive,"[형] 민감한, 예민한, 세심한"
day16,swallow,"[동] 삼키다[명] 삼킴, 제비"
day16,glare,"[동] 노려보다, 빛나다[명] 노려봄, 눈부신 빛"
day16,tragic,"[형] 비극의, 비참한"
day16,deprive,[동] 박탈하다
day16,conscious,"[형] 의식하고 있는, 의도적인"
day16,interfere,"[동] 간섭하다, 방해하다"
day16,temporary,"[형] 임시의, 일시적인"
day16,council,"[명] 의회, 협의회"
day16,adolescent,[명] 청소년[형] 청소년기의
day16,associate,"[동] 연관짓다, 교제하다[명] 동료"
day16,arctic,[형] 북극의
day16,capture,"[동] 붇잡다, 포획하다[명] 포획"
day16,dilute,[동] 희석시키다[명] 묽은
day16,figure,"[명] 수치, 계산, 형체[동] 생각하다, 계산하다"
day16,dim,"[형] 흐릿한, 어두운[동] 흐려지다"
day16,warehouse,[명] 창고
day16,crew,[명] 승무원
day16,barrier,"[명] 장벽, 장애물"
day16,tradition,"[명] 전통, 관습"
day16,pedestrian,[명] 보행자[형] 보행자의
day16,glance,[동] 흘긋 보다[명] 흘긋 봄
day16,irritate,"[동] 짜증나게 하다, 화나게 하다"
day16,cruel,"[형] 잔인한, 고통을 주는"
day16,fold,"[동] 접다, 포개다[명] 주름, 우리"
day16,trial,"[명] 재판, 실험, 시도"
day16,tribe,"[명] 부족, 종족"
day16,profound,"[형] 깊은, 심오한"
day16,distinguish,"[동] 구별하다, 식별하다"
day16,errand,"[명] 심부름, 잡일"
day16,welfare,[명] 복지
day16,statement,"[명] 진술, 성명서"
day16,prevail,"[동] 만연하다, 우세하다"
day17,widespread,[형] 널리 퍼진
day17,result,[명] 결과[동] 생기다
day17,fade,"[동] 사라지다, 희미해지다"
day17,progress,"[명] 진전, 진보[동] 진보하다, 전진하다"
day17,weapon,"[명] 무기, 병기"
day17,drastic,"[형] 격렬한, 과감한"
day17,reinforcement,"[명] 보강, 강화"
day17,wonder,"[동] 궁금해하다, 놀라다[명] 경탄, 경이"
day17,pile,"[명] 쌓아 올린 더미, 많은 양[동] 쌓아 올리다, 축적하다"
day17,protect,[동] 보호하다
day17,infection,"[명] 감염, 전염"
day17,stiffen,[동] 굳어지다
day17,endanger,[동] 위험에 빠뜨리다
day17,adjust,"[동] 조절하다, 조정하다"
day17,peer,"[명] 또래, 동료"
day17,renew,"[동] 새롭게 하다, 갱신하다"
day17,germ,"[명] 세균, 미생물"
day17,atom,[명] 원자
day17,noble,"[형] 고결한, 귀족의"
day17,repair,"[동] 수리하다, 회복하다[명] 수리, 회복"
day17,candidate,[명] 후보자
day17,ideal,[형] 이상적인[명] 이상
day17,crop,"[명] 작물, 수확"
day17,ethnic,"[형] 민족의, 인종의"
day17,foretell,"[동] 예언하다, 예고하다"
day17,wholesale,[형] 도매의[명] 도매
day17,debt,"[명] 부채, 빚"
day17,representative,"[명] 대표, 국회의원[동] 대표하는"
day17,shift,"[동] 바꾸다, 이동하다[명] 변화, 이동, 교대"
day17,excess,"[명] 초과, 초과량, 과도함[형] 초과한, 여분의"
day17,strict,"[형] 엄한, 엄격한"
day17,appliance,"[명] 기구, 장치"
day17,furthermore,"[부] 더욱이, 게다가"
day17,command,"[동] 명령하다, 지휘하다[동] 명령, 지배력"
day17,ecosystem,[명] 생태계
day17,fame,[명] 명성
day17,oral,"[형] 구두의, 구술의"
day17,drift,[명] 표류[동] 표류하다
day17,enrich,"[동] 풍성하게 하다, 부유하게 하다"
day17,realize,"[동] 깨닫다, 실현하다"
day18,avoid,[동] 피하다
day18,outstanding,"[형] 뛰어난, 두드러진, 미해결의"
day18,mislead,"[동] 잘못 인도하다, 오해하게 하다"
day18,dedicate,"[동] 헌납하다, 바치다"
day18,initial,"[형] 초기의, 처음의[명] 머리글자"
day18,sink,[동] 가라앉다
day18,entire,"[형] 전체의, 완전한[명] 전부, 전체"
day18,confront,[동] 직면하다
day18,beard,[명] 턱수염
day18,haste,"[명] 서두름, 급함"
day18,crush,"[동] 으깨다, 밀어 넣다"
day18,destiny,[명] 운명
day18,hardship,"[명] 고난, 어려움"
day18,escape,"[동] 탈출하다, 벗어나다[명] 탈출, 도망"
day18,valid,"[형] 타당한, 유효한"
day18,dispose,"[동] 배치하다, 처리하다, 경향을 갖게 하다"
day18,exist,"[동] 존재하다, 살아가다"
day18,optimal,"[형] 최적의, 최상의"
day18,hydrogen,[명] 수소
day18,perspective,"[명] 견해, 관점, 원근법, 전망"
day18,thread,[명] 실[동] 실을 꿰다
day18,dynasty,"[명] 왕조, 왕가"
day18,scatter,"[동] 흩뿌리다, 분산시키다"
day18,gamble,"[동] 도박하다, 모험하다[명] 도박, 모험"
day18,temper,"[명] 성질, 기분[동] 완화시키다"
day18,undoubtedly,"[부] 의심할 여지없이, 확실히"
day18,raft,"[명] 뗏목, 고무보트"
day18,minimal,"[형] 최소의, 아주 적은"
day18,soak,"[동] 적시다, 젖다, 흡수하다"
day18,craft,"[명] 수공예, 기술, 선박, 비행기"
day18,cease,"[동] 중지하다, 그만두다"
day18,review,"[동] 재검토하다[명] 재검토, 논평"
day18,ceiling,"[명] 천장, 상한선"
day18,unify,"[동] 통합하다, 통일하다"
day18,combat,[명] 전투[동] 싸우다
day18,bump,"[동] 부딪치다[명] 충돌, 혹"
day18,primary,"[형] 주요한, 초기의"
day18,genre,"[명] 형식, 장르, 유형"
day18,erase,"[동] 지우다, 없애다"
day18,doom,"[명] 운명, 비운, 파멸[동] ~할 운명이다"
day19,vital,"[형] 필수적인, 중요한, 생명 유지와 관련된"
day19,incident,"[명] 사건, 일어난 일[형] 일어나기 쉬운"
day19,session,"[명] 시간, 회의, 기간, 학기"
day19,obvious,"[형] 분명한, 명백한"
day19,moderate,"[형] 온건한, 적당한"
day19,budget,"[명] 예산, 예산안"
day19,graze,"[동] 풀을 뜯다, 방목하다"
day19,fragile,[형] 부서지기 쉬운
day19,myth,"[명] 신화, 사회적 통념"
day19,fur,"[명] 부드러운 털, 모피"
day19,indifferent,[형] 무관심한
day19,strain,"[명] 긴장, 압박[동] 잡아당기다, 긴장시키다, 혹사하다"
day19,ingredient,"[명] 재료, 성분"
day19,dismiss,"[동] 묵살하다, 해고하다, 해산시키다"
day19,geometry,[명] 기하학
day19,glacier,[명] 빙하
day19,urge,"[동] 촉구하다, 강요하다"
day19,celebrity,"[명] 유명 인사, 명성"
day19,antique,"[형] 고대의, 옛날의, 고풍의[명] 골동품"
day19,profit,"[명] 이익, 이윤[동] 이익을 얻다"
day19,sphere,"[명] 구, 구체"
day19,inherit,"[동] 상속받다, 물려받다"
day19,disgrace,"[명] 불명예, 수치"
day19,crawl,"[동] 기어가다, 서행하다[명] 기어가기, 서행"
day19,scratch,"[동] 긁다, 할퀴다[명] 긁힌 자국, 찰과상"
day19,diabetes,[명] 당뇨병
day19,congestion,"[명] 혼잡, 밀집"
day19,constitute,"[동] 구성하다, 설립하다, 제정하다"
day19,flow,[명] 흐름[동] 흐르다
day19,investigate,"[동] 조사하다, 수사하다"
day19,barter,"[명] 물물 교환, 교역품[동] 물물 교환하다"
day19,circular,"[형] 원의, 순환의"
day19,chilly,"[형] 쌀쌀한, 냉담한"
day19,ancestor,"[명] 조상, 선조"
day19,fierce,"[형] 사나운, 맹렬한"
day19,vague,"[형] 희미한, 막연한, 모호한"
day19,rough,"[형] 거친, 난폭한, 대강의"
day19,content,"[명] 내용, 목차[형] 만족하는"
day19,obstacle,"[명] 장애물, 방해가 되는 것"
day19,editorial,"[형] 편집자의[명] 사설, 논설"
day20,abolish,[동] 폐지하다
day20,assure,"[동] 확실하게 하다, 보증하다"
day20,form,"[명] 형태, 종류[동] 형성하다"
day20,gender,"[명] 성, 성별"
day20,innovation,[명] 혁신
day20,opponent,"[명] 상대, 반대자[형] 반대하는"
day20,present,"[형] 현재의[동] 제출하다, 나타내다[명] 현재, 선물"
day20,fertile,"[형] 비옥한, 기름진"
day20,emperor,[명] 황제
day20,dwell,"[동] 거주하다, 살다"
day20,chore,"[명] 허드렛일, 집안일"
day20,rehearsal,"[명] 리허설, 예행연습"
day20,fossil,[명] 화석
day20,glitter,[동] 반짝이다[명] 반짝임
day20,carve,"[동] 새기다, 조각하다"
day20,decay,"[동] 부패하다, 쇠퇴하다[명] 부패, 쇠퇴"
day20,protein,[명] 단백질
day20,backward,"[부] 뒤쪽으로, 후방에, 거꾸로"
day20,translate,"[동] 번역하다, 옮기다"
day20,refresh,"[동] 상쾌하게 하다, 새롭게 하다"
day20,tissue,[명] (생물) 조직
day20,lord,[명] 군주
day20,substitute,"[동] 대체하다[명] 대리자, 대체물"
day20,scan,"[동] 정밀 검사하다, 유심히 쳐다보다"
day20,pottery,"[명] 도자기, 도예"
day20,layer,"[명] 층, 겹"
day20,property,"[명] 재산, 소유물, 부동산"
day20,justify,[동] 정당화하다
day20,polish,"[동] 닦다, 윤을 내다, 다듬다"
day20,flavor,[명] 맛[동] 맛을 내다
day20,imprint,"[동] 찍다, 감명시키다[명] 찍은 자국, 인상"
day20,heritage,"[명] 유산, 세습 자산"
day20,strive,"[동] 노력하다, 애쓰다, 투쟁하다"
day20,radiant,"[형] 빛나는, 아주 밝은"
day20,exclaim,[동] 외치다
day20,asset,"[명] 자산, 재산"
day20,portray,"[동] 설명하다, 묘사하다, 초상을 그리다"
day20,administer,"[동] 관리하다, 집행하다, 주다"
day20,wage,[명] 급료
day20,subscribez,[동] 정기 구독하다
day21,merit,"[명] 장점, 공로[동] ~을 받을 만하다"
day21,launch,"[동] 발사하다, 시작하다, 출시하다[명] 발사, 개시, 출시"
day21,conference,"[명] 회의, 회담"
day21,accuse,"[동] 고발하다, 비난하다"
day21,enhance,[동] 향상시키다
day21,intimate,[형] 친밀한
day21,reception,"[명] 접수, 환영회"
day21,overwhelm,"[동] 압도하다, 당황하게 하다"
day21,apply,[동] 적용되다
day21,majesty,"[명] 위엄, 장엄, 왕"
day21,shrug,[동] 어깨를 으쓱하다
day21,vicious,"[형] 사악한, 악의 있는"
day21,cherish,[동] 소중히 하다
day21,eternal,[형] 영원한
day21,shrink,"[동] 축소하다, 수축하다"
day21,colleague,[명] 동료
day21,transmit,[동] 전달하다
day21,discard,"[동] 버리다, 처분하다"
day21,copper,"[명] 구리[형] 구리의, 구릿빛의"
day21,orbit,[명] 궤도[동] 궤도를 그리며 돌다
day21,famine,"[명] 굶주림, 기아"
day21,pill,[명] 알약
day21,immune,"[형] 면역성의, 면제된"
day21,raw,"[형] 날것의, 가공하지 않은"
day21,superior,[형] 우월한[명] 상사
day21,string,"[명] 끈, 줄, 일련"
day21,cope,"[동] 대처하다, 잘 처리하다"
day21,loan,"[동] 대출하다[명] 대출, 대출금"
day21,obedient,"[형] 순종하는, 유순한"
day21,procedure,"[명] 절차, 과정"
day21,bond,"[명] 결속, 속박, 계약, 채권"
day21,angle,"[명] 각도, 모서리"
day21,subtle,"[형] 미묘한, 교묘한"
day21,depict,"[동] 묘사하다, 그리다"
day21,radical,"[형] 근본적인, 급진적인, 과격한[명] 급진주의자"
day21,caution,"[명] 조심, 주의[동] 주의를 주다"
day21,persist,"[동] 고집하다, 지속하다"
day21,reverse,"[동] 뒤바꾸다[형] 반대의, 역의[명] 역, 반대"
day21,cattle,[명] 소
day21,therapy,"[명] 치료, 요법"
day22,experience,"[명] 경험, 체험[동] 경험하다"
day22,strategy,[명] 전략
day22,attract,[동] 끌다
day22,hence,"[부] 그러므로, 지금부터"
day22,architecture,"[명] 건축, 건축물"
day22,territory,"[명] 영토, 영역"
day22,wilderness,"[명] 황무지, 황야"
day22,category,[명] 범주
day22,funeral,[명] 장례식[형] 장례의
day22,prefer,[동] 선호하다
day22,outcome,[명] 결과
day22,humiliation,"[명] 창피함, 굴욕"
day22,ban,[동] 금지하다[명] 금지
day22,flush,"[동] 물이 쏟아져 나오다, 붉어지다"
day22,omit,"[동] 생략하다, 빼다"
day22,despair,[명] 절망[동] 절망하다
day22,alert,"[형] 기민한, 경계하는[동] 경고하다[명] 경계"
day22,compact,"[형] 소형의, 조말한[동] 꽉 채우다"
day22,likewise,"[부] 마찬가지로, 게다가"
day22,astonish,[동] 놀라게 하다
day22,panic,"[형] 공황적인[명] 공황, 갑작스런 공포"
day22,optimistic,"[형] 낙천적인, 낙관적인"
day22,murder,[동] 살인하다[명] 살인
day22,fundamental,"[형] 근본적인, 기본적인[형] 근본"
day22,loyal,"[형] 충성스러운, 성실한"
day22,humid,"[형] 습기 있는, 눅눅한"
day22,pretend,"[동] ~인 척하다, 주장하다"
day22,graduate,"[동] 졸업하다[명] 졸업생, 대학원 학생"
day22,delicate,[형] 섬세한
day22,inflate,"[동] 부풀리다, 과장하다, 인상하다"
day22,adequate,[형] 적당한
day22,physician,"[명] 의사, 내과 의사"
day22,joint,"[명] 관절, 이음매[형] 공동의, 연합의"
day22,via,"[전] ~을 거쳐서, ~에 의하여"
day22,passage,"[명] 통로, 통과, 한 절"
day22,vessel,"[명] 선박, 용기, 배, 혈관"
day22,restore,"[동] 회복하다, 복구하다, 돌려주다"
day22,passive,"[형] 수동형의, 수동적인"
day22,marble,"[명] 대리석, 구슬[형] 대리석의"
day22,classify,[동] 분류하다
day23,prepare,[동] 준비하다
day23,transaction,"[명] 거래, 처리"
day23,sufficient,[형] 충분한
day23,stable,[형] 안정된[명] 마구간
day23,concern,"[명] 걱정, 관심사[동] 걱정하게 하다, 관련되다"
day23,sympathy,"[명] 동정, 공감"
day23,principal,"[형] 주요한, 제 1의, 주역"
day23,by-product,[명] 부산물
day23,anxiety,"[명] 걱정, 불안, 열망"
day23,federal,"[형] 연방의, 연합의"
day23,suffer,"[동] 고통 받다, 겪다"
day23,trivial,[형] 사소한
day23,tablet,"[명] 알약, 정제, 판"
day23,trade,[동] 교환하다[명] 무역
day23,liquid,[명] 액체[형] 액체의
day23,contend,"[동] 싸우다, 주장하다, 경쟁하다"
day23,anticipate,"[동] 예상하다, 기대하다"
day23,outlook,"[명] 전망, 조망"
day23,desert,"[명] 사막[형] 사막의, 불모의[동] 버리다, 도주하다"
day23,infinite,[형] 무한한
day23,roam,"[동] 배회하다, 돌아다니다"
day23,decent,"[형] 제대로 된, 품위 있는"
day23,behalf,"[명] 자기편, 이익"
day23,distortion,"[명] 왜곡, 찌그러뜨림"
day23,bud,[명] 싹[동] 싹트다
day23,symbolic,[형] 상징적인
day23,municipal,"[형] 지방의, 시의"
day23,phenomenon,"[명] 현상, 사건, 비범한 인물"
day23,devote,[동] 바치다
day23,peasant,"[명] 소작농, 농민"
day23,diminish,[동] 감소하다
day23,jealous,[형] 질투하는
day23,exclude,"[동] 제외하다, 배제하다"
day23,flexible,"[형] 융통성 있는, 유연한"
day23,tenant,"[명] 세입자, 주민"
day23,worthwhile,[형] ~할 가치있는
day23,pavement,"[명] 포장도로, 보도"
day23,nominate,"[동] 지명하다, 임명하다"
day23,sacred,"[형] 성스러운, 신성한"
day23,edible,"[형] 먹을 수 있는, 식용의"
day24,support,"[동] 지지하다, 부양하다, 받치다[명] 지지, 지탱함, 부양"
day24,revise,[동] 개정하다
day24,suggest,"[동] 제안하다, 암시하다"
day24,control,"[동] 제어하다, 지배하다[명] 제어, 지배"
day24,mammal,[명] 포유동물
day24,internal,[형] 내부의
day24,resent,"[동] 분개하다, 화를 내다"
day24,abrupt,[형] 갑작스러운
day24,diverse,"[형] 다양한, 다른"
day24,refine,"[동] 개선하다, 정제하다"
day24,dynamic,"[형] 동적인, 역학의"
day24,nerve,[명] 신경
day24,prompt,"[형] 신속한, 즉각적인[동] 촉구하다, 자극하다"
day24,suspend,"[동] 중지하다, 매달다"
day24,industry,"[명] 산업, 공업"
day24,iceberg,[명] 빙산
day24,monetary,[형] 화폐의
day24,superb,"[형] 최고의, 훌륭한"
day24,gloom,"[명] 우울, 어둠"
day24,distraction,"[명] 주의 산만, 기분 전환, 산만하게 하는 것"
day24,collapse,"[동] 무너지다, 붕괴하다[명] 붕괴"
day24,trigger,"[동] 유발하다, 촉발하다[명] 방아쇠, 계기"
day24,martial,"[형] 군대의, 전쟁의"
day24,monologue,[명] 독백
day24,deliberate,"[형] 의도적인, 신중한[동] 숙고하다"
day24,plot,"[명] 줄거리, 음모[동] 음모를 꾸미다"
day24,rod,"[명] 막대기, 회초리"
day24,partial,[형] 부분적인
day24,mutual,"[형] 서로의, 공통의"
day24,priceless,[형] 대단히 귀중한
day24,fate,[명] 운명
day24,pursue,"[동] 추구하다, 쫓다"
day24,atlantic,[명] 대서양[형] 대서양의
day24,weird,"[형] 이상한, 기묘한"
day24,booth,"[명] 칸막이한 공간, 부스, 노점"
day24,prescribe,"[동] 처방하다, 규정하다"
day24,erupt,"[동] 분출하다, 폭발하다"
day24,insult,[동] 모욕하다[명] 모욕
day24,gaze,"[동] 뚫어지게 보다, 응시하다"
day24,supreme,[형] 최고의
day25,context,"[명] 맥락, 문맥, 전후 관계"
day25,complete,"[형] 완벽한, 완전한, 완료된[동] 완료하다"
day25,race,"[명] 경주, 인종, 경쟁[동] 경주하다, 질주하다"
day25,dominate,[동] 지배하다
day25,vehicle,"[명] 탈것, 운송수단"
day25,complain,"[동] 불평하다, 항의하다"
day25,brochure,"[명] 소책자, 브로셔"
day25,force,"[명] 힘, 영향력[동] 강요하다"
day25,nest,"[명] 둥지, 보금자리[동] 둥지를 틀다, 살다"
day25,gain,[동] 얻다[명] 이익
day25,curriculum,"[명] 교육과정, 커리큘럼"
day25,sew,[동] 바느질하다. 꿰매다
day25,masculine,"[형] 남자의, 남자다운"
day25,frown,[동] 눈살을 찌푸리다[명] 찡그린 얼굴
day25,astound,[동] 놀라게 하다
day25,dictator,"[명] 독재자, 구술하는 사람"
day25,assessment,"[명] 평가, 판단"
day25,crucial,"[형] 중대한, 결정적인"
day25,paralysis,[명] 마비
day25,deck,[명] 갑판
day25,cheer,"[명] 환호, 갈채[동] 환호하다"
day25,miserable,"[형] 비참한, 불쌍한"
day25,tease,"[동] 약올리나, 괴롭히다"
day25,aggressive,"[형] 공격적인, 적극적인"
day25,cure,"[동] 치료하다, 해결하다[명] 치유, 회복"
day25,attribute,[동] ~의 결과로 여기다[명] 속성
day25,foster,"[동] 육성하다, 촉진시키다[현] 수양의, 위탁의"
day25,psychologist,[명] 심리학자
day25,postpone,"[동] 연기하다, 뒤로 미루다"
day25,rob,"[동] 강탈하다, 훔치다"
day25,abuse,"[동] 남용하다, 학대하다[명] 남용, 학대, 욕설"
day25,unemployed,"[형] 실직한, 실업의"
day25,breakdown,"[명] 고장, 쇠약"
day25,disguise,"[동] 변장하다, 숨기다[명] 변장, 은폐"
day25,blueprint,[명] 청사진
day25,rear,"[형] 뒤의, 후방의[명] 뒤[동] 기르다"
day25,output,"[명] 생산, 산출"
day25,sermon,[명] 설교
day25,sprout,"[동] 싹이 트다, 자라나다[명] 싹"
day25,tin,"[명] 주석, 양철"
day26,reform,[동] 개혁하다[명] 개혁
day26,deal,"[동] 다루다, 대처하다[명] 거래"
day26,recruit,"[동] 모집하다, 징집하다[명] 신병, 신입사원"
day26,maintain,"[동] 유지하다, 지지하다"
day26,workshop,"[명] 작업장, 워크숍, 연구 집회"
day26,patient,[명] 환자[형] 인내심 있는
day26,convention,"[명] 총회, 관습, 집회"
day26,devastate,[동] 황폐시키다
day26,reap,[동] 수확하다
day26,overlook,"[동] 간과하다, 내려다보다, 너그럽게 봐주다"
day26,deliver,"[동] 배달하다, 전달하다"
day26,reject,"[동] 거부하다, 거절하다"
day26,nourish,"[동] 영양분을 주다, 기르다"
day26,bay,[명] 만
day26,stun,"[동] 놀라게 하다, 기절시키다"
day26,particular,"[형] 특정한, 개개의[명] 상세, 사항"
day26,bulletin,"[명] 게시, 게시물"
day26,fluid,"[형] 유동성의, 유동적인[명] 유동체"
day26,affair,"[명] 일, 사건"
day26,dawn,"[명] 새벽[동] 이해되기 시작하다, 날이 새다"
day26,hostile,[형] 적대적인
day26,characteristic,"[명] 특징, 특성[형] 독특한, 특징적인"
day26,respect,"[동] 존경하다[명] 존경, 관련"
day26,await,[동] 기다리다
day26,concrete,[형] 구체적인[명] 콘트리트
day26,lease,[동] 임대하다[명] 임대
day26,racial,[형] 인종의
day26,variable,"[형] 변하기 쉬운, 변덕스러운[명] 변수"
day26,satisfy,"[동] 만족시키다, 충족시키다"
day26,rule,"[명] 규칙, 지배[동] 지배하다, 통치하다"
day26,perseverance,[명] 인내심
day26,fatal,[형] 치명적인
day26,remove,[동] 제거하다
day26,invert,[동] 거꾸로 하다
day26,tension,"[명] 긴장, 불안[동] 긴장시키다"
day26,reign,[명] 통치[동] 통치하다
day26,crack,[명] 금 가다[명] 갈라진 틈
day26,startle,[동] 깜짝 놀라게 하다
day26,discourage,"[동] 낙담시키다, 단념시키다"
day26,compensate,[동] 보상하다
day27,convert,"[동] 전환하다, 바꾸다"
day27,strike,"[동] 치다, 떠오르다"
day27,suppress,"[동] 억압하다, 참다"
day27,core,[명] 핵심[형] 핵심의
day27,contribute,[동] 공헌하다
day27,spear,[명] 창
day27,renowned,"[형] 명성 있는, 유명한"
day27,era,"[명] 시대,"
day27,withdraw,"[동] 철수시키다, 철수하다, 인출하다"
day27,immigrate,[동] 이주하다
day27,dignity,[명] 존엄
day27,notify,"[동] 통지하다, 알리다"
day27,animate,"[동] 생기있게 하다, 고무하다[형] 살아 있는"
day27,prevent,"[동] 예방하다, 막다"
day27,bilingual,[형] 2개 국어의
day27,mischief,"[명] 장난, 해악"
day27,discriminate,"[동] 차별하다, 구별하다"
day27,exemplify,"[동] 예시하다, ~의 좋은 예가 되다"
day27,adhere,"[동] 충실하다, 고수하다, 집착하다"
day27,judge,[명] 재판관[동] 판단하다
day27,peculiar,[형] 독특한
day27,sake,"[명] 위함, 목적"
day27,choke,"[동] 질식시키다, 숨이 막히다"
day27,folktale,"[명] 민간 설화, 전설"
day27,simultaneously,[부] 동시에
day27,range,[명] 범위[동] 정렬시키다
day27,groom,[명] 신랑
day27,supernatural,[형] 초자연적인
day27,tender,[형] 부드러운[동] 입찰하다[명] 입찰
day27,instinct,[명] 본능
day27,gigantic,[형] 거대한
day27,meditate,[동] 명상하다
day27,mow,[동] (풀을) 베다
day27,evolve,"[동] 진화하다, 발전하다"
day27,chase,"[동] 추적하다, 쫓다"
day27,afflict,[동] 괴롭히다
day27,literate,[형] 읽고 쓸 수 있는
day27,coherent,"[형] 통일성 있는, 조리 있는"
day27,intolerable,[형] 참을 수 없는
day27,fountain,"[명] 분수, 근원"
day28,bold,"[형] 선이 굵은, 대담한"
day28,compliment,[동] 칭찬하다[명] 칭찬
day28,summit,"[명] 정상, 꼭대기"
day28,troop,"[명] 무리, 군대, 떼, 군사"
day28,alter,"[동] 바꾸다, 변경하다"
day28,conceive,"[동] 생각해 내다, ~을 마음에 그리다"
day28,durability,[명] 내구성
day28,destroy,[동] 파괴하다
day28,shallow,"[형] 얕은, 얇은, 피상적인, 천박한"
day28,face,"[명] 얼굴, 표면[동] 직면하다"
day28,promote,"[동] 증진하다, 승진시키다"
day28,weep,[동] 울다
day28,grasp,"[동] 붙잡다, 이해하다, 파악하다[명] 꽉 쥐기, 이해"
day28,overall,"[형] 전반적인, 전체의[명] 작업복"
day28,superstition,[명] 미신
day28,colony,"[명] 식민지, 공동체, 군생"
day28,absurd,"[형] 불합리한, 우스꽝스러운"
day28,dormitory,[명] 기숙사
day28,conduct,"[동] 수행하다, 실시하다[명] 행위, 안내"
day28,prone,[형] ~하는 경향이 있는
day28,conceal,[동] 숨기다
day28,retreat,"[동] 후퇴하다, 물러서다[명] 퇴각, 후퇴"
day28,compulsive,"[형] 강제적인, 강박의"
day28,clinic,"[명] 전문 병원, 개인 병원"
day28,banner,"[명] 현수막, 깃발"
day28,formulate,"[동] 만들어 내다, 공식화하다"
day28,vow,[명] 맹세[동] 맹세하다
day28,malnutrition,[명] 영양실조
day28,relate,"[동] 관련시키다, 관련이 있다"
day28,undergo,[동] 겪다
day28,boast,"[동] 자랑하다, 떠벌리다"
day28,neutral,"[형] 중립의, 공평한"
day28,stain,[명] 얼룩[동] 얼룩지게 하다
day28,incentive,"[명] 장려책, 자극, 동기[형] 격려하는, 자극하는"
day28,float,"[동] 뜨다, 떠다니다[명] 부유물"
day28,applause,[명] 박수갈채
day28,wrestle,"[동] 싸우다, 씨름하다, 레슬링하다"
day28,sensation,"[명] 감각, 느낌, 대사건"
day28,Confucian,"[형] 공자의, 유교의"
day28,tendency,"[명] 경향, 추세"
day29,draft,"[명] 원고, 초안[동] 초안을 그리다"
day29,crude,"[형] 가공하지 않은, 조잡한"
day29,supplement,[동] 보충하다[명] 보충
day29,velocity,[명] 속도
day29,tame,[동] 길들이다[형] 길들여진
day29,molecule,[명] 분자
day29,manage,"[동] ~를 잘 해내다, 다루다"
day29,dismay,"[명] 실망, 걱정[동] 실망시키다, 낙담시키다"
day29,diagnose,[동] 진단하다
day29,adapt,"[동] 적응하다, 적응시키다"
day29,reservoir,"[명] 저장소, 저수지"
day29,conform,"[동] 순응하다, 일치하다"
day29,spacious,"[형] 넓은,훤히 트인"
day29,weave,"[동] 엮다, 짜다"
day29,boundary,"[명] 경계, 경계선"
day29,motive,[명] 동기
day29,prominent,"[형] 현저한, 저명한"
day29,inferior,[형] 열등한
day29,rigid,"[형] 엄격한, 융통성이 없는"
day29,archaeology,[명] 고고학
day29,subtract,[동] 빼다
day29,impulse,"[명] 충동, 추진"
day29,utmost,[형] 최대한의[명] 최대한도
day29,proficient,[형] 숙달된
day29,accumulate,"[동] 모으다, 축적하다"
day29,embody,"[동] 구체화하다, 구현하다"
day29,equity,[명] 공평
day29,violate,"[동] 위반하다, 침해하다"
day29,ambitious,[형] 야심 있는
day29,intact,"[형] 온전한, 손상되지 않은"
day29,borrow,[동] 빌리다
day29,attend,"[동] 참석하다, 보살피다"
day29,trim,"[동] 다듬다, 절라내다, 장식하다"
day29,navigate,"[동] 길을 찾다, 항해하다"
day29,tray,[명] 쟁반
day29,consist,[동] 이루어지다
day29,ceremony,"[명] 의식, 식, 의례"
day29,attack,[동] 공격하다[명] 공격
day29,confine,"[동] 제한하다, 가두다[명] 한계"
day29,dispatch,"[동] 급파하다, 발송하다[명] 급파, 발송"
day30,diameter,"[명] 지름, 직경"
day30,anecdote,"[명] 일화, 비화"
day30,propriety,"[명] 적절성, 예의바름"
day30,blame,"[동] 비난하다, ~을 탓으로 돌리다[명] 비난, 책망"
day30,earn,"[동] 얻다, 벌다"
day30,pledge,"[명] 약속, 맹세[동] 약속하다, 맹세하다"
day30,cost,"[명] 비용, 대가[동] (가격, 비용이) 들다"
day30,geology,[명] 지질학
day30,detect,"[동] 발견하나, 감지하다"
day30,temperate,"[형] 온화한, 절제하는"
day30,soar,[동] 높이 치솟다
day30,mock,[동] 조롱하다[형] 가짜의
day30,disclose,"[동] 폭로하다, 드러내다"
day30,exhibit,"[동] 전시하다, 보여주다[명] 전시, 전시품"
day30,symptom,[명] 증상
day30,invent,[동] 발명하다
day30,awkward,"[형] 어색한, 서투른"
day30,grind,"[동] 갈다, 빻다"
day30,expose,"[동] 드러내다, 노출시키다, 폭로하다"
day30,closet,[명] 벽장
day30,damp,[형] 축축한[명] 습기
day30,script,"[명] 손으로 쓰기, 대본"
day30,possibility,"[명] 가능성, 가망"
day30,discuss,[동] 토론하다
day30,sibling,"[명] 형제자매, 동기"
day30,lay,"[동] 놓다, (알을) 낳다"
day30,flourish,"[동] 번영하다, 번창하다"
day30,discharge,"[동] 배출하다, 내보내다, 해고하다[명] 배출, 내보냄, 방전"
day30,thorough,[형] 철저한
day30,undertake,"[동] 수행하다, 일을 떠맡다, 착수하다"
day30,panel,"[명] 토론자판, 패널, 넓은 직사각형의 합판"
day30,linguistic,"[형] 언어의, 언어학의"
day30,remedy,"[명] 치료, 요법"
day30,feed,"[동] 먹이를 주다, 부양하다"
day30,sophomore,"[명] (고교, 대학의) 2학년생"
day30,remind,[동] 상기시키다
day30,sole,[형] 유일한
day30,pillar,[명] 기둥
day30,explode,[동] 폭발하다
day30,illusion,"[명] 환상, 착각"